{
	"BUILD_DIR" : "/home/denis/Desktop/Applicazione_TPSIT/build-Applicazione-Desktop-Debug/Applicazione_autogen",
	"CMAKE_BINARY_DIR" : "/home/denis/Desktop/Applicazione_TPSIT/build-Applicazione-Desktop-Debug",
	"CMAKE_CURRENT_BINARY_DIR" : "/home/denis/Desktop/Applicazione_TPSIT/build-Applicazione-Desktop-Debug",
	"CMAKE_CURRENT_SOURCE_DIR" : "/home/denis/Desktop/Applicazione_TPSIT/Applicazione",
	"CMAKE_EXECUTABLE" : "/usr/bin/cmake",
	"CMAKE_LIST_FILES" : 
	[
		"/home/denis/Desktop/Applicazione_TPSIT/Applicazione/CMakeLists.txt",
		"/usr/share/qtcreator/package-manager/auto-setup.cmake",
		"/usr/share/cmake-3.22/Modules/CMakeDetermineSystem.cmake",
		"/usr/share/cmake-3.22/Modules/CMakeSystem.cmake.in",
		"/home/denis/Desktop/Applicazione_TPSIT/build-Applicazione-Desktop-Debug/CMakeFiles/3.22.1/CMakeSystem.cmake",
		"/usr/share/cmake-3.22/Modules/CMakeUnixFindMake.cmake",
		"/usr/share/cmake-3.22/Modules/CMakeSystemSpecificInitialize.cmake",
		"/usr/share/cmake-3.22/Modules/CMakeDetermineCXXCompiler.cmake",
		"/usr/share/cmake-3.22/Modules/CMakeDetermineCompiler.cmake",
		"/usr/share/cmake-3.22/Modules/Platform/Linux-Determine-CXX.cmake",
		"/usr/share/cmake-3.22/Modules/CMakeDetermineCompilerId.cmake",
		"/usr/share/cmake-3.22/Modules/CMakeCompilerIdDetection.cmake",
		"/usr/share/cmake-3.22/Modules/Compiler/ADSP-DetermineCompiler.cmake",
		"/usr/share/cmake-3.22/Modules/Compiler/ARMCC-DetermineCompiler.cmake",
		"/usr/share/cmake-3.22/Modules/Compiler/ARMClang-DetermineCompiler.cmake",
		"/usr/share/cmake-3.22/Modules/Compiler/AppleClang-DetermineCompiler.cmake",
		"/usr/share/cmake-3.22/Modules/Compiler/Clang-DetermineCompilerInternal.cmake",
		"/usr/share/cmake-3.22/Modules/Compiler/Borland-DetermineCompiler.cmake",
		"/usr/share/cmake-3.22/Modules/Compiler/Clang-DetermineCompiler.cmake",
		"/usr/share/cmake-3.22/Modules/Compiler/Clang-DetermineCompilerInternal.cmake",
		"/usr/share/cmake-3.22/Modules/Compiler/Comeau-CXX-DetermineCompiler.cmake",
		"/usr/share/cmake-3.22/Modules/Compiler/Compaq-CXX-DetermineCompiler.cmake",
		"/usr/share/cmake-3.22/Modules/Compiler/Cray-DetermineCompiler.cmake",
		"/usr/share/cmake-3.22/Modules/Compiler/Embarcadero-DetermineCompiler.cmake",
		"/usr/share/cmake-3.22/Modules/Compiler/Fujitsu-DetermineCompiler.cmake",
		"/usr/share/cmake-3.22/Modules/Compiler/FujitsuClang-DetermineCompiler.cmake",
		"/usr/share/cmake-3.22/Modules/Compiler/GHS-DetermineCompiler.cmake",
		"/usr/share/cmake-3.22/Modules/Compiler/GNU-CXX-DetermineCompiler.cmake",
		"/usr/share/cmake-3.22/Modules/Compiler/HP-CXX-DetermineCompiler.cmake",
		"/usr/share/cmake-3.22/Modules/Compiler/IAR-DetermineCompiler.cmake",
		"/usr/share/cmake-3.22/Modules/Compiler/Intel-DetermineCompiler.cmake",
		"/usr/share/cmake-3.22/Modules/Compiler/IntelLLVM-DetermineCompiler.cmake",
		"/usr/share/cmake-3.22/Modules/Compiler/MSVC-DetermineCompiler.cmake",
		"/usr/share/cmake-3.22/Modules/Compiler/NVHPC-DetermineCompiler.cmake",
		"/usr/share/cmake-3.22/Modules/Compiler/NVIDIA-DetermineCompiler.cmake",
		"/usr/share/cmake-3.22/Modules/Compiler/OpenWatcom-DetermineCompiler.cmake",
		"/usr/share/cmake-3.22/Modules/Compiler/PGI-DetermineCompiler.cmake",
		"/usr/share/cmake-3.22/Modules/Compiler/PathScale-DetermineCompiler.cmake",
		"/usr/share/cmake-3.22/Modules/Compiler/SCO-DetermineCompiler.cmake",
		"/usr/share/cmake-3.22/Modules/Compiler/SunPro-CXX-DetermineCompiler.cmake",
		"/usr/share/cmake-3.22/Modules/Compiler/TI-DetermineCompiler.cmake",
		"/usr/share/cmake-3.22/Modules/Compiler/VisualAge-CXX-DetermineCompiler.cmake",
		"/usr/share/cmake-3.22/Modules/Compiler/IBMCPP-CXX-DetermineVersionInternal.cmake",
		"/usr/share/cmake-3.22/Modules/Compiler/Watcom-DetermineCompiler.cmake",
		"/usr/share/cmake-3.22/Modules/Compiler/XL-CXX-DetermineCompiler.cmake",
		"/usr/share/cmake-3.22/Modules/Compiler/IBMCPP-CXX-DetermineVersionInternal.cmake",
		"/usr/share/cmake-3.22/Modules/Compiler/XLClang-CXX-DetermineCompiler.cmake",
		"/usr/share/cmake-3.22/Modules/Compiler/zOS-CXX-DetermineCompiler.cmake",
		"/usr/share/cmake-3.22/Modules/Compiler/IBMCPP-CXX-DetermineVersionInternal.cmake",
		"/usr/share/cmake-3.22/Modules/CMakeFindBinUtils.cmake",
		"/usr/share/cmake-3.22/Modules/Compiler/GNU-FindBinUtils.cmake",
		"/usr/share/cmake-3.22/Modules/CMakeCXXCompiler.cmake.in",
		"/home/denis/Desktop/Applicazione_TPSIT/build-Applicazione-Desktop-Debug/CMakeFiles/3.22.1/CMakeCXXCompiler.cmake",
		"/usr/share/cmake-3.22/Modules/CMakeSystemSpecificInformation.cmake",
		"/usr/share/cmake-3.22/Modules/CMakeGenericSystem.cmake",
		"/usr/share/cmake-3.22/Modules/CMakeInitializeConfigs.cmake",
		"/usr/share/cmake-3.22/Modules/Platform/Linux.cmake",
		"/usr/share/cmake-3.22/Modules/Platform/UnixPaths.cmake",
		"/usr/share/cmake-3.22/Modules/CMakeCXXInformation.cmake",
		"/usr/share/cmake-3.22/Modules/CMakeLanguageInformation.cmake",
		"/usr/share/cmake-3.22/Modules/Compiler/GNU-CXX.cmake",
		"/usr/share/cmake-3.22/Modules/Compiler/GNU.cmake",
		"/usr/share/cmake-3.22/Modules/Compiler/CMakeCommonCompilerMacros.cmake",
		"/usr/share/cmake-3.22/Modules/Platform/Linux-GNU-CXX.cmake",
		"/usr/share/cmake-3.22/Modules/Platform/Linux-GNU.cmake",
		"/usr/share/cmake-3.22/Modules/CMakeCommonLanguageInclude.cmake",
		"/usr/share/cmake-3.22/Modules/CMakeTestCXXCompiler.cmake",
		"/usr/share/cmake-3.22/Modules/CMakeTestCompilerCommon.cmake",
		"/usr/share/cmake-3.22/Modules/CMakeDetermineCompilerABI.cmake",
		"/usr/share/cmake-3.22/Modules/CMakeParseImplicitIncludeInfo.cmake",
		"/usr/share/cmake-3.22/Modules/CMakeParseImplicitLinkInfo.cmake",
		"/usr/share/cmake-3.22/Modules/CMakeParseLibraryArchitecture.cmake",
		"/usr/share/cmake-3.22/Modules/CMakeTestCompilerCommon.cmake",
		"/usr/share/cmake-3.22/Modules/CMakeCXXCompilerABI.cpp",
		"/usr/share/cmake-3.22/Modules/CMakeDetermineCompileFeatures.cmake",
		"/usr/share/cmake-3.22/Modules/Internal/FeatureTesting.cmake",
		"/usr/share/cmake-3.22/Modules/CMakeCXXCompiler.cmake.in",
		"/home/denis/Desktop/Applicazione_TPSIT/build-Applicazione-Desktop-Debug/CMakeFiles/3.22.1/CMakeCXXCompiler.cmake",
		"/usr/lib/x86_64-linux-gnu/cmake/Qt5/Qt5ConfigVersion.cmake",
		"/usr/lib/x86_64-linux-gnu/cmake/Qt5/Qt5Config.cmake",
		"/usr/lib/x86_64-linux-gnu/cmake/Qt5/Qt5ConfigVersion.cmake",
		"/usr/lib/x86_64-linux-gnu/cmake/Qt5/Qt5Config.cmake",
		"/usr/lib/x86_64-linux-gnu/cmake/Qt5/Qt5ModuleLocation.cmake",
		"/usr/lib/x86_64-linux-gnu/cmake/Qt5Widgets/Qt5WidgetsConfigVersion.cmake",
		"/usr/lib/x86_64-linux-gnu/cmake/Qt5Widgets/Qt5WidgetsConfig.cmake",
		"/usr/lib/x86_64-linux-gnu/cmake/Qt5Gui/Qt5GuiConfigVersion.cmake",
		"/usr/lib/x86_64-linux-gnu/cmake/Qt5Gui/Qt5GuiConfig.cmake",
		"/usr/lib/x86_64-linux-gnu/cmake/Qt5Core/Qt5CoreConfigVersion.cmake",
		"/usr/lib/x86_64-linux-gnu/cmake/Qt5Core/Qt5CoreConfig.cmake",
		"/usr/lib/x86_64-linux-gnu/cmake/Qt5Core/Qt5CoreConfigExtras.cmake",
		"/usr/lib/x86_64-linux-gnu/cmake/Qt5Core/Qt5CoreConfigExtrasMkspecDir.cmake",
		"/usr/lib/x86_64-linux-gnu/cmake/Qt5Core/Qt5CoreMacros.cmake",
		"/usr/share/cmake-3.22/Modules/CMakeParseArguments.cmake",
		"/usr/lib/x86_64-linux-gnu/cmake/Qt5Gui/Qt5Gui_QComposePlatformInputContextPlugin.cmake",
		"/usr/lib/x86_64-linux-gnu/cmake/Qt5Gui/Qt5Gui_QEglFSEmulatorIntegrationPlugin.cmake",
		"/usr/lib/x86_64-linux-gnu/cmake/Qt5Gui/Qt5Gui_QEglFSIntegrationPlugin.cmake",
		"/usr/lib/x86_64-linux-gnu/cmake/Qt5Gui/Qt5Gui_QEglFSKmsEglDeviceIntegrationPlugin.cmake",
		"/usr/lib/x86_64-linux-gnu/cmake/Qt5Gui/Qt5Gui_QEglFSKmsGbmIntegrationPlugin.cmake",
		"/usr/lib/x86_64-linux-gnu/cmake/Qt5Gui/Qt5Gui_QEglFSX11IntegrationPlugin.cmake",
		"/usr/lib/x86_64-linux-gnu/cmake/Qt5Gui/Qt5Gui_QEvdevKeyboardPlugin.cmake",
		"/usr/lib/x86_64-linux-gnu/cmake/Qt5Gui/Qt5Gui_QEvdevMousePlugin.cmake",
		"/usr/lib/x86_64-linux-gnu/cmake/Qt5Gui/Qt5Gui_QEvdevTabletPlugin.cmake",
		"/usr/lib/x86_64-linux-gnu/cmake/Qt5Gui/Qt5Gui_QEvdevTouchScreenPlugin.cmake",
		"/usr/lib/x86_64-linux-gnu/cmake/Qt5Gui/Qt5Gui_QGifPlugin.cmake",
		"/usr/lib/x86_64-linux-gnu/cmake/Qt5Gui/Qt5Gui_QICOPlugin.cmake",
		"/usr/lib/x86_64-linux-gnu/cmake/Qt5Gui/Qt5Gui_QIbusPlatformInputContextPlugin.cmake",
		"/usr/lib/x86_64-linux-gnu/cmake/Qt5Gui/Qt5Gui_QJpegPlugin.cmake",
		"/usr/lib/x86_64-linux-gnu/cmake/Qt5Gui/Qt5Gui_QLibInputPlugin.cmake",
		"/usr/lib/x86_64-linux-gnu/cmake/Qt5Gui/Qt5Gui_QLinuxFbIntegrationPlugin.cmake",
		"/usr/lib/x86_64-linux-gnu/cmake/Qt5Gui/Qt5Gui_QMinimalEglIntegrationPlugin.cmake",
		"/usr/lib/x86_64-linux-gnu/cmake/Qt5Gui/Qt5Gui_QMinimalIntegrationPlugin.cmake",
		"/usr/lib/x86_64-linux-gnu/cmake/Qt5Gui/Qt5Gui_QOffscreenIntegrationPlugin.cmake",
		"/usr/lib/x86_64-linux-gnu/cmake/Qt5Gui/Qt5Gui_QTuioTouchPlugin.cmake",
		"/usr/lib/x86_64-linux-gnu/cmake/Qt5Gui/Qt5Gui_QVncIntegrationPlugin.cmake",
		"/usr/lib/x86_64-linux-gnu/cmake/Qt5Gui/Qt5Gui_QXcbEglIntegrationPlugin.cmake",
		"/usr/lib/x86_64-linux-gnu/cmake/Qt5Gui/Qt5Gui_QXcbGlxIntegrationPlugin.cmake",
		"/usr/lib/x86_64-linux-gnu/cmake/Qt5Gui/Qt5Gui_QXcbIntegrationPlugin.cmake",
		"/usr/lib/x86_64-linux-gnu/cmake/Qt5Gui/Qt5GuiConfigExtras.cmake",
		"/usr/lib/x86_64-linux-gnu/cmake/Qt5Widgets/Qt5WidgetsConfigExtras.cmake",
		"/usr/lib/x86_64-linux-gnu/cmake/Qt5Widgets/Qt5WidgetsMacros.cmake",
		"/usr/share/cmake-3.22/Modules/CMakeParseArguments.cmake"
	],
	"CMAKE_SOURCE_DIR" : "/home/denis/Desktop/Applicazione_TPSIT/Applicazione",
	"DEP_FILE" : "",
	"DEP_FILE_RULE_NAME" : "",
	"HEADERS" : 
	[
		[
			"/home/denis/Desktop/Applicazione_TPSIT/Applicazione/mainwindow.h",
			"MU",
			"EWIEGA46WW/moc_mainwindow.cpp",
			null
		]
	],
	"HEADER_EXTENSIONS" : [ "h", "hh", "h++", "hm", "hpp", "hxx", "in", "txx" ],
	"INCLUDE_DIR" : "/home/denis/Desktop/Applicazione_TPSIT/build-Applicazione-Desktop-Debug/Applicazione_autogen/include",
	"MOC_COMPILATION_FILE" : "/home/denis/Desktop/Applicazione_TPSIT/build-Applicazione-Desktop-Debug/Applicazione_autogen/mocs_compilation.cpp",
	"MOC_DEFINITIONS" : [ "QT_CORE_LIB", "QT_GUI_LIB", "QT_WIDGETS_LIB" ],
	"MOC_DEPEND_FILTERS" : 
	[
		[
			"Q_PLUGIN_METADATA",
			"[\n][ \t]*Q_PLUGIN_METADATA[ \t]*\\([^\\)]*FILE[ \t]*\"([^\"]+)\""
		]
	],
	"MOC_INCLUDES" : 
	[
		"/home/denis/Desktop/Applicazione_TPSIT/build-Applicazione-Desktop-Debug",
		"/home/denis/Desktop/Applicazione_TPSIT/Applicazione",
		"/usr/include/x86_64-linux-gnu/qt5",
		"/usr/include/x86_64-linux-gnu/qt5/QtWidgets",
		"/usr/include/x86_64-linux-gnu/qt5/QtGui",
		"/usr/include/x86_64-linux-gnu/qt5/QtCore",
		"/usr/lib/x86_64-linux-gnu/qt5/mkspecs/linux-g++",
		"/usr/include/c++/11",
		"/usr/include/x86_64-linux-gnu/c++/11",
		"/usr/include/c++/11/backward",
		"/usr/lib/gcc/x86_64-linux-gnu/11/include",
		"/usr/local/include",
		"/usr/include/x86_64-linux-gnu",
		"/usr/include"
	],
	"MOC_MACRO_NAMES" : [ "Q_OBJECT", "Q_GADGET", "Q_NAMESPACE", "Q_NAMESPACE_EXPORT" ],
	"MOC_OPTIONS" : [],
	"MOC_PATH_PREFIX" : false,
	"MOC_PREDEFS_CMD" : 
	[
		"/usr/bin/g++",
		"-dM",
		"-E",
		"-c",
		"/usr/share/cmake-3.22/Modules/CMakeCXXCompilerABI.cpp"
	],
	"MOC_PREDEFS_FILE" : "/home/denis/Desktop/Applicazione_TPSIT/build-Applicazione-Desktop-Debug/Applicazione_autogen/moc_predefs.h",
	"MOC_RELAXED_MODE" : false,
	"MOC_SKIP" : [],
	"MULTI_CONFIG" : false,
	"PARALLEL" : 6,
	"PARSE_CACHE_FILE" : "/home/denis/Desktop/Applicazione_TPSIT/build-Applicazione-Desktop-Debug/CMakeFiles/Applicazione_autogen.dir/ParseCache.txt",
	"QT_MOC_EXECUTABLE" : "/usr/lib/qt5/bin/moc",
	"QT_UIC_EXECUTABLE" : "/usr/lib/qt5/bin/uic",
	"QT_VERSION_MAJOR" : 5,
	"QT_VERSION_MINOR" : 15,
	"SETTINGS_FILE" : "/home/denis/Desktop/Applicazione_TPSIT/build-Applicazione-Desktop-Debug/CMakeFiles/Applicazione_autogen.dir/AutogenUsed.txt",
	"SOURCES" : 
	[
		[
			"/home/denis/Desktop/Applicazione_TPSIT/Applicazione/main.cpp",
			"MU",
			null
		],
		[
			"/home/denis/Desktop/Applicazione_TPSIT/Applicazione/mainwindow.cpp",
			"MU",
			null
		]
	],
	"UIC_OPTIONS" : [],
	"UIC_SEARCH_PATHS" : [],
	"UIC_SKIP" : [],
	"UIC_UI_FILES" : [],
	"VERBOSITY" : 0
}
