{
	"inputs" : 
	[
		{
			"path" : "CMakeLists.txt"
		},
		{
			"isExternal" : true,
			"path" : "/usr/share/qtcreator/package-manager/auto-setup.cmake"
		},
		{
			"isCMake" : true,
			"isExternal" : true,
			"path" : "/usr/share/cmake-3.22/Modules/CMakeDetermineSystem.cmake"
		},
		{
			"isCMake" : true,
			"isExternal" : true,
			"path" : "/usr/share/cmake-3.22/Modules/CMakeSystem.cmake.in"
		},
		{
			"isGenerated" : true,
			"path" : "/home/denis/Desktop/Applicazione_TPSIT/build-Applicazione-Desktop-Debug/CMakeFiles/3.22.1/CMakeSystem.cmake"
		},
		{
			"isCMake" : true,
			"isExternal" : true,
			"path" : "/usr/share/cmake-3.22/Modules/CMakeUnixFindMake.cmake"
		},
		{
			"isCMake" : true,
			"isExternal" : true,
			"path" : "/usr/share/cmake-3.22/Modules/CMakeSystemSpecificInitialize.cmake"
		},
		{
			"isCMake" : true,
			"isExternal" : true,
			"path" : "/usr/share/cmake-3.22/Modules/CMakeDetermineCXXCompiler.cmake"
		},
		{
			"isCMake" : true,
			"isExternal" : true,
			"path" : "/usr/share/cmake-3.22/Modules/CMakeDetermineCompiler.cmake"
		},
		{
			"isCMake" : true,
			"isExternal" : true,
			"path" : "/usr/share/cmake-3.22/Modules/Platform/Linux-Determine-CXX.cmake"
		},
		{
			"isCMake" : true,
			"isExternal" : true,
			"path" : "/usr/share/cmake-3.22/Modules/CMakeDetermineCompilerId.cmake"
		},
		{
			"isCMake" : true,
			"isExternal" : true,
			"path" : "/usr/share/cmake-3.22/Modules/CMakeCompilerIdDetection.cmake"
		},
		{
			"isCMake" : true,
			"isExternal" : true,
			"path" : "/usr/share/cmake-3.22/Modules/Compiler/ADSP-DetermineCompiler.cmake"
		},
		{
			"isCMake" : true,
			"isExternal" : true,
			"path" : "/usr/share/cmake-3.22/Modules/Compiler/ARMCC-DetermineCompiler.cmake"
		},
		{
			"isCMake" : true,
			"isExternal" : true,
			"path" : "/usr/share/cmake-3.22/Modules/Compiler/ARMClang-DetermineCompiler.cmake"
		},
		{
			"isCMake" : true,
			"isExternal" : true,
			"path" : "/usr/share/cmake-3.22/Modules/Compiler/AppleClang-DetermineCompiler.cmake"
		},
		{
			"isCMake" : true,
			"isExternal" : true,
			"path" : "/usr/share/cmake-3.22/Modules/Compiler/Clang-DetermineCompilerInternal.cmake"
		},
		{
			"isCMake" : true,
			"isExternal" : true,
			"path" : "/usr/share/cmake-3.22/Modules/Compiler/Borland-DetermineCompiler.cmake"
		},
		{
			"isCMake" : true,
			"isExternal" : true,
			"path" : "/usr/share/cmake-3.22/Modules/Compiler/Clang-DetermineCompiler.cmake"
		},
		{
			"isCMake" : true,
			"isExternal" : true,
			"path" : "/usr/share/cmake-3.22/Modules/Compiler/Clang-DetermineCompilerInternal.cmake"
		},
		{
			"isCMake" : true,
			"isExternal" : true,
			"path" : "/usr/share/cmake-3.22/Modules/Compiler/Comeau-CXX-DetermineCompiler.cmake"
		},
		{
			"isCMake" : true,
			"isExternal" : true,
			"path" : "/usr/share/cmake-3.22/Modules/Compiler/Compaq-CXX-DetermineCompiler.cmake"
		},
		{
			"isCMake" : true,
			"isExternal" : true,
			"path" : "/usr/share/cmake-3.22/Modules/Compiler/Cray-DetermineCompiler.cmake"
		},
		{
			"isCMake" : true,
			"isExternal" : true,
			"path" : "/usr/share/cmake-3.22/Modules/Compiler/Embarcadero-DetermineCompiler.cmake"
		},
		{
			"isCMake" : true,
			"isExternal" : true,
			"path" : "/usr/share/cmake-3.22/Modules/Compiler/Fujitsu-DetermineCompiler.cmake"
		},
		{
			"isCMake" : true,
			"isExternal" : true,
			"path" : "/usr/share/cmake-3.22/Modules/Compiler/FujitsuClang-DetermineCompiler.cmake"
		},
		{
			"isCMake" : true,
			"isExternal" : true,
			"path" : "/usr/share/cmake-3.22/Modules/Compiler/GHS-DetermineCompiler.cmake"
		},
		{
			"isCMake" : true,
			"isExternal" : true,
			"path" : "/usr/share/cmake-3.22/Modules/Compiler/GNU-CXX-DetermineCompiler.cmake"
		},
		{
			"isCMake" : true,
			"isExternal" : true,
			"path" : "/usr/share/cmake-3.22/Modules/Compiler/HP-CXX-DetermineCompiler.cmake"
		},
		{
			"isCMake" : true,
			"isExternal" : true,
			"path" : "/usr/share/cmake-3.22/Modules/Compiler/IAR-DetermineCompiler.cmake"
		},
		{
			"isCMake" : true,
			"isExternal" : true,
			"path" : "/usr/share/cmake-3.22/Modules/Compiler/Intel-DetermineCompiler.cmake"
		},
		{
			"isCMake" : true,
			"isExternal" : true,
			"path" : "/usr/share/cmake-3.22/Modules/Compiler/IntelLLVM-DetermineCompiler.cmake"
		},
		{
			"isCMake" : true,
			"isExternal" : true,
			"path" : "/usr/share/cmake-3.22/Modules/Compiler/MSVC-DetermineCompiler.cmake"
		},
		{
			"isCMake" : true,
			"isExternal" : true,
			"path" : "/usr/share/cmake-3.22/Modules/Compiler/NVHPC-DetermineCompiler.cmake"
		},
		{
			"isCMake" : true,
			"isExternal" : true,
			"path" : "/usr/share/cmake-3.22/Modules/Compiler/NVIDIA-DetermineCompiler.cmake"
		},
		{
			"isCMake" : true,
			"isExternal" : true,
			"path" : "/usr/share/cmake-3.22/Modules/Compiler/OpenWatcom-DetermineCompiler.cmake"
		},
		{
			"isCMake" : true,
			"isExternal" : true,
			"path" : "/usr/share/cmake-3.22/Modules/Compiler/PGI-DetermineCompiler.cmake"
		},
		{
			"isCMake" : true,
			"isExternal" : true,
			"path" : "/usr/share/cmake-3.22/Modules/Compiler/PathScale-DetermineCompiler.cmake"
		},
		{
			"isCMake" : true,
			"isExternal" : true,
			"path" : "/usr/share/cmake-3.22/Modules/Compiler/SCO-DetermineCompiler.cmake"
		},
		{
			"isCMake" : true,
			"isExternal" : true,
			"path" : "/usr/share/cmake-3.22/Modules/Compiler/SunPro-CXX-DetermineCompiler.cmake"
		},
		{
			"isCMake" : true,
			"isExternal" : true,
			"path" : "/usr/share/cmake-3.22/Modules/Compiler/TI-DetermineCompiler.cmake"
		},
		{
			"isCMake" : true,
			"isExternal" : true,
			"path" : "/usr/share/cmake-3.22/Modules/Compiler/VisualAge-CXX-DetermineCompiler.cmake"
		},
		{
			"isCMake" : true,
			"isExternal" : true,
			"path" : "/usr/share/cmake-3.22/Modules/Compiler/IBMCPP-CXX-DetermineVersionInternal.cmake"
		},
		{
			"isCMake" : true,
			"isExternal" : true,
			"path" : "/usr/share/cmake-3.22/Modules/Compiler/Watcom-DetermineCompiler.cmake"
		},
		{
			"isCMake" : true,
			"isExternal" : true,
			"path" : "/usr/share/cmake-3.22/Modules/Compiler/XL-CXX-DetermineCompiler.cmake"
		},
		{
			"isCMake" : true,
			"isExternal" : true,
			"path" : "/usr/share/cmake-3.22/Modules/Compiler/IBMCPP-CXX-DetermineVersionInternal.cmake"
		},
		{
			"isCMake" : true,
			"isExternal" : true,
			"path" : "/usr/share/cmake-3.22/Modules/Compiler/XLClang-CXX-DetermineCompiler.cmake"
		},
		{
			"isCMake" : true,
			"isExternal" : true,
			"path" : "/usr/share/cmake-3.22/Modules/Compiler/zOS-CXX-DetermineCompiler.cmake"
		},
		{
			"isCMake" : true,
			"isExternal" : true,
			"path" : "/usr/share/cmake-3.22/Modules/Compiler/IBMCPP-CXX-DetermineVersionInternal.cmake"
		},
		{
			"isCMake" : true,
			"isExternal" : true,
			"path" : "/usr/share/cmake-3.22/Modules/CMakeFindBinUtils.cmake"
		},
		{
			"isCMake" : true,
			"isExternal" : true,
			"path" : "/usr/share/cmake-3.22/Modules/Compiler/GNU-FindBinUtils.cmake"
		},
		{
			"isCMake" : true,
			"isExternal" : true,
			"path" : "/usr/share/cmake-3.22/Modules/CMakeCXXCompiler.cmake.in"
		},
		{
			"isGenerated" : true,
			"path" : "/home/denis/Desktop/Applicazione_TPSIT/build-Applicazione-Desktop-Debug/CMakeFiles/3.22.1/CMakeCXXCompiler.cmake"
		},
		{
			"isCMake" : true,
			"isExternal" : true,
			"path" : "/usr/share/cmake-3.22/Modules/CMakeSystemSpecificInformation.cmake"
		},
		{
			"isCMake" : true,
			"isExternal" : true,
			"path" : "/usr/share/cmake-3.22/Modules/CMakeGenericSystem.cmake"
		},
		{
			"isCMake" : true,
			"isExternal" : true,
			"path" : "/usr/share/cmake-3.22/Modules/CMakeInitializeConfigs.cmake"
		},
		{
			"isCMake" : true,
			"isExternal" : true,
			"path" : "/usr/share/cmake-3.22/Modules/Platform/Linux.cmake"
		},
		{
			"isCMake" : true,
			"isExternal" : true,
			"path" : "/usr/share/cmake-3.22/Modules/Platform/UnixPaths.cmake"
		},
		{
			"isCMake" : true,
			"isExternal" : true,
			"path" : "/usr/share/cmake-3.22/Modules/CMakeCXXInformation.cmake"
		},
		{
			"isCMake" : true,
			"isExternal" : true,
			"path" : "/usr/share/cmake-3.22/Modules/CMakeLanguageInformation.cmake"
		},
		{
			"isCMake" : true,
			"isExternal" : true,
			"path" : "/usr/share/cmake-3.22/Modules/Compiler/GNU-CXX.cmake"
		},
		{
			"isCMake" : true,
			"isExternal" : true,
			"path" : "/usr/share/cmake-3.22/Modules/Compiler/GNU.cmake"
		},
		{
			"isCMake" : true,
			"isExternal" : true,
			"path" : "/usr/share/cmake-3.22/Modules/Compiler/CMakeCommonCompilerMacros.cmake"
		},
		{
			"isCMake" : true,
			"isExternal" : true,
			"path" : "/usr/share/cmake-3.22/Modules/Platform/Linux-GNU-CXX.cmake"
		},
		{
			"isCMake" : true,
			"isExternal" : true,
			"path" : "/usr/share/cmake-3.22/Modules/Platform/Linux-GNU.cmake"
		},
		{
			"isCMake" : true,
			"isExternal" : true,
			"path" : "/usr/share/cmake-3.22/Modules/CMakeCommonLanguageInclude.cmake"
		},
		{
			"isCMake" : true,
			"isExternal" : true,
			"path" : "/usr/share/cmake-3.22/Modules/CMakeTestCXXCompiler.cmake"
		},
		{
			"isCMake" : true,
			"isExternal" : true,
			"path" : "/usr/share/cmake-3.22/Modules/CMakeTestCompilerCommon.cmake"
		},
		{
			"isCMake" : true,
			"isExternal" : true,
			"path" : "/usr/share/cmake-3.22/Modules/CMakeDetermineCompilerABI.cmake"
		},
		{
			"isCMake" : true,
			"isExternal" : true,
			"path" : "/usr/share/cmake-3.22/Modules/CMakeParseImplicitIncludeInfo.cmake"
		},
		{
			"isCMake" : true,
			"isExternal" : true,
			"path" : "/usr/share/cmake-3.22/Modules/CMakeParseImplicitLinkInfo.cmake"
		},
		{
			"isCMake" : true,
			"isExternal" : true,
			"path" : "/usr/share/cmake-3.22/Modules/CMakeParseLibraryArchitecture.cmake"
		},
		{
			"isCMake" : true,
			"isExternal" : true,
			"path" : "/usr/share/cmake-3.22/Modules/CMakeTestCompilerCommon.cmake"
		},
		{
			"isCMake" : true,
			"isExternal" : true,
			"path" : "/usr/share/cmake-3.22/Modules/CMakeCXXCompilerABI.cpp"
		},
		{
			"isCMake" : true,
			"isExternal" : true,
			"path" : "/usr/share/cmake-3.22/Modules/CMakeDetermineCompileFeatures.cmake"
		},
		{
			"isCMake" : true,
			"isExternal" : true,
			"path" : "/usr/share/cmake-3.22/Modules/Internal/FeatureTesting.cmake"
		},
		{
			"isCMake" : true,
			"isExternal" : true,
			"path" : "/usr/share/cmake-3.22/Modules/CMakeCXXCompiler.cmake.in"
		},
		{
			"isGenerated" : true,
			"path" : "/home/denis/Desktop/Applicazione_TPSIT/build-Applicazione-Desktop-Debug/CMakeFiles/3.22.1/CMakeCXXCompiler.cmake"
		},
		{
			"isExternal" : true,
			"path" : "/usr/lib/x86_64-linux-gnu/cmake/Qt5/Qt5ConfigVersion.cmake"
		},
		{
			"isExternal" : true,
			"path" : "/usr/lib/x86_64-linux-gnu/cmake/Qt5/Qt5Config.cmake"
		},
		{
			"isExternal" : true,
			"path" : "/usr/lib/x86_64-linux-gnu/cmake/Qt5/Qt5ConfigVersion.cmake"
		},
		{
			"isExternal" : true,
			"path" : "/usr/lib/x86_64-linux-gnu/cmake/Qt5/Qt5Config.cmake"
		},
		{
			"isExternal" : true,
			"path" : "/usr/lib/x86_64-linux-gnu/cmake/Qt5/Qt5ModuleLocation.cmake"
		},
		{
			"isExternal" : true,
			"path" : "/usr/lib/x86_64-linux-gnu/cmake/Qt5Widgets/Qt5WidgetsConfigVersion.cmake"
		},
		{
			"isExternal" : true,
			"path" : "/usr/lib/x86_64-linux-gnu/cmake/Qt5Widgets/Qt5WidgetsConfig.cmake"
		},
		{
			"isExternal" : true,
			"path" : "/usr/lib/x86_64-linux-gnu/cmake/Qt5Gui/Qt5GuiConfigVersion.cmake"
		},
		{
			"isExternal" : true,
			"path" : "/usr/lib/x86_64-linux-gnu/cmake/Qt5Gui/Qt5GuiConfig.cmake"
		},
		{
			"isExternal" : true,
			"path" : "/usr/lib/x86_64-linux-gnu/cmake/Qt5Core/Qt5CoreConfigVersion.cmake"
		},
		{
			"isExternal" : true,
			"path" : "/usr/lib/x86_64-linux-gnu/cmake/Qt5Core/Qt5CoreConfig.cmake"
		},
		{
			"isExternal" : true,
			"path" : "/usr/lib/x86_64-linux-gnu/cmake/Qt5Core/Qt5CoreConfigExtras.cmake"
		},
		{
			"isExternal" : true,
			"path" : "/usr/lib/x86_64-linux-gnu/cmake/Qt5Core/Qt5CoreConfigExtrasMkspecDir.cmake"
		},
		{
			"isExternal" : true,
			"path" : "/usr/lib/x86_64-linux-gnu/cmake/Qt5Core/Qt5CoreMacros.cmake"
		},
		{
			"isCMake" : true,
			"isExternal" : true,
			"path" : "/usr/share/cmake-3.22/Modules/CMakeParseArguments.cmake"
		},
		{
			"isExternal" : true,
			"path" : "/usr/lib/x86_64-linux-gnu/cmake/Qt5Gui/Qt5Gui_QComposePlatformInputContextPlugin.cmake"
		},
		{
			"isExternal" : true,
			"path" : "/usr/lib/x86_64-linux-gnu/cmake/Qt5Gui/Qt5Gui_QEglFSEmulatorIntegrationPlugin.cmake"
		},
		{
			"isExternal" : true,
			"path" : "/usr/lib/x86_64-linux-gnu/cmake/Qt5Gui/Qt5Gui_QEglFSIntegrationPlugin.cmake"
		},
		{
			"isExternal" : true,
			"path" : "/usr/lib/x86_64-linux-gnu/cmake/Qt5Gui/Qt5Gui_QEglFSKmsEglDeviceIntegrationPlugin.cmake"
		},
		{
			"isExternal" : true,
			"path" : "/usr/lib/x86_64-linux-gnu/cmake/Qt5Gui/Qt5Gui_QEglFSKmsGbmIntegrationPlugin.cmake"
		},
		{
			"isExternal" : true,
			"path" : "/usr/lib/x86_64-linux-gnu/cmake/Qt5Gui/Qt5Gui_QEglFSX11IntegrationPlugin.cmake"
		},
		{
			"isExternal" : true,
			"path" : "/usr/lib/x86_64-linux-gnu/cmake/Qt5Gui/Qt5Gui_QEvdevKeyboardPlugin.cmake"
		},
		{
			"isExternal" : true,
			"path" : "/usr/lib/x86_64-linux-gnu/cmake/Qt5Gui/Qt5Gui_QEvdevMousePlugin.cmake"
		},
		{
			"isExternal" : true,
			"path" : "/usr/lib/x86_64-linux-gnu/cmake/Qt5Gui/Qt5Gui_QEvdevTabletPlugin.cmake"
		},
		{
			"isExternal" : true,
			"path" : "/usr/lib/x86_64-linux-gnu/cmake/Qt5Gui/Qt5Gui_QEvdevTouchScreenPlugin.cmake"
		},
		{
			"isExternal" : true,
			"path" : "/usr/lib/x86_64-linux-gnu/cmake/Qt5Gui/Qt5Gui_QGifPlugin.cmake"
		},
		{
			"isExternal" : true,
			"path" : "/usr/lib/x86_64-linux-gnu/cmake/Qt5Gui/Qt5Gui_QICOPlugin.cmake"
		},
		{
			"isExternal" : true,
			"path" : "/usr/lib/x86_64-linux-gnu/cmake/Qt5Gui/Qt5Gui_QIbusPlatformInputContextPlugin.cmake"
		},
		{
			"isExternal" : true,
			"path" : "/usr/lib/x86_64-linux-gnu/cmake/Qt5Gui/Qt5Gui_QJpegPlugin.cmake"
		},
		{
			"isExternal" : true,
			"path" : "/usr/lib/x86_64-linux-gnu/cmake/Qt5Gui/Qt5Gui_QLibInputPlugin.cmake"
		},
		{
			"isExternal" : true,
			"path" : "/usr/lib/x86_64-linux-gnu/cmake/Qt5Gui/Qt5Gui_QLinuxFbIntegrationPlugin.cmake"
		},
		{
			"isExternal" : true,
			"path" : "/usr/lib/x86_64-linux-gnu/cmake/Qt5Gui/Qt5Gui_QMinimalEglIntegrationPlugin.cmake"
		},
		{
			"isExternal" : true,
			"path" : "/usr/lib/x86_64-linux-gnu/cmake/Qt5Gui/Qt5Gui_QMinimalIntegrationPlugin.cmake"
		},
		{
			"isExternal" : true,
			"path" : "/usr/lib/x86_64-linux-gnu/cmake/Qt5Gui/Qt5Gui_QOffscreenIntegrationPlugin.cmake"
		},
		{
			"isExternal" : true,
			"path" : "/usr/lib/x86_64-linux-gnu/cmake/Qt5Gui/Qt5Gui_QTuioTouchPlugin.cmake"
		},
		{
			"isExternal" : true,
			"path" : "/usr/lib/x86_64-linux-gnu/cmake/Qt5Gui/Qt5Gui_QVncIntegrationPlugin.cmake"
		},
		{
			"isExternal" : true,
			"path" : "/usr/lib/x86_64-linux-gnu/cmake/Qt5Gui/Qt5Gui_QXcbEglIntegrationPlugin.cmake"
		},
		{
			"isExternal" : true,
			"path" : "/usr/lib/x86_64-linux-gnu/cmake/Qt5Gui/Qt5Gui_QXcbGlxIntegrationPlugin.cmake"
		},
		{
			"isExternal" : true,
			"path" : "/usr/lib/x86_64-linux-gnu/cmake/Qt5Gui/Qt5Gui_QXcbIntegrationPlugin.cmake"
		},
		{
			"isExternal" : true,
			"path" : "/usr/lib/x86_64-linux-gnu/cmake/Qt5Gui/Qt5GuiConfigExtras.cmake"
		},
		{
			"isExternal" : true,
			"path" : "/usr/lib/x86_64-linux-gnu/cmake/Qt5Widgets/Qt5WidgetsConfigExtras.cmake"
		},
		{
			"isExternal" : true,
			"path" : "/usr/lib/x86_64-linux-gnu/cmake/Qt5Widgets/Qt5WidgetsMacros.cmake"
		},
		{
			"isCMake" : true,
			"isExternal" : true,
			"path" : "/usr/share/cmake-3.22/Modules/CMakeParseArguments.cmake"
		}
	],
	"kind" : "cmakeFiles",
	"paths" : 
	{
		"build" : "/home/denis/Desktop/Applicazione_TPSIT/build-Applicazione-Desktop-Debug",
		"source" : "/home/denis/Desktop/Applicazione_TPSIT/Applicazione"
	},
	"version" : 
	{
		"major" : 1,
		"minor" : 0
	}
}
