{
	"configurations" : 
	[
		{
			"directories" : 
			[
				{
					"build" : ".",
					"jsonFile" : "directory-.-Debug-f5ebdc15457944623624.json",
					"minimumCMakeVersion" : 
					{
						"string" : "3.5"
					},
					"projectIndex" : 0,
					"source" : ".",
					"targetIndexes" : 
					[
						0,
						1
					]
				}
			],
			"name" : "Debug",
			"projects" : 
			[
				{
					"directoryIndexes" : 
					[
						0
					],
					"name" : "Applicazione",
					"targetIndexes" : 
					[
						0,
						1
					]
				}
			],
			"targets" : 
			[
				{
					"directoryIndex" : 0,
					"id" : "Applicazione::@6890427a1f51a3e7e1df",
					"jsonFile" : "target-Applicazione-Debug-13b49fce33a94f9c6106.json",
					"name" : "Applicazione",
					"projectIndex" : 0
				},
				{
					"directoryIndex" : 0,
					"id" : "Applicazione_autogen::@6890427a1f51a3e7e1df",
					"jsonFile" : "target-Applicazione_autogen-Debug-8fd30cf25f50361568df.json",
					"name" : "Applicazione_autogen",
					"projectIndex" : 0
				}
			]
		}
	],
	"kind" : "codemodel",
	"paths" : 
	{
		"build" : "/home/denis/Desktop/Applicazione_TPSIT/build-Applicazione-Desktop-Debug",
		"source" : "/home/denis/Desktop/Applicazione_TPSIT/Applicazione"
	},
	"version" : 
	{
		"major" : 2,
		"minor" : 3
	}
}
